Node,ConstraintRatio,MaxTimeGap,Agent,Solver,Iteration,Tours,Cost,Time[s]
10,0.1,10,1,ortools,1,"[[0, 9, 2, 7, 5, 6, 1, 3, 4, 8, 0]]",940,0.030009031295776367
10,0.1,10,4,ortools,1,"[[0, 9, 0], [0, 0], [0, 7, 5, 1, 3, 4, 8, 0], [0, 2, 6, 0]]",2203,0.005082130432128906
10,0.1,40,1,ortools,1,"[[0, 8, 1, 3, 5, 9, 6, 4, 2, 7, 0]]",1020,0.005343914031982422
10,0.1,40,4,ortools,1,"[[0, 8, 9, 0], [0, 0], [0, 1, 3, 5, 4, 2, 7, 0], [0, 6, 0]]",2849,0.005688905715942383
20,0.1,10,1,ortools,1,[],inf,60.10261297225952
20,0.1,10,4,ortools,1,"[[0, 18, 0], [0, 2, 11, 1, 12, 8, 19, 6, 15, 13, 0], [0, 4, 7, 0], [0, 9, 16, 10, 17, 14, 3, 5, 0]]",7159,0.021270036697387695
20,0.1,40,1,ortools,1,[],inf,60.007022857666016
