Node,Agent,Tours,Cost,Time[s]
100,1,"[[0, 66, 91, 49, 20, 22, 29, 4, 68, 75, 69, 31, 27, 42, 17, 88, 46, 82, 52, 70, 40, 73, 35, 67, 79, 51, 93, 54, 39, 12, 85, 96, 34, 21, 74, 38, 2, 24, 3, 50, 7, 80, 63, 86, 25, 14, 26, 15, 55, 89, 92, 43, 64, 1, 47, 99, 13, 6, 90, 30, 28, 81, 95, 36, 18, 59, 41, 60, 71, 19, 87, 58, 33, 56, 5, 94, 44, 98, 11, 48, 83, 76, 32, 10, 65, 45, 9, 97, 77, 72, 61, 23, 37, 8, 62, 84, 57, 78, 16, 53, 0]]",737,1.6221051216125488
100,4,"[[0, 0], [0, 0], [0, 0], [0, 66, 91, 49, 20, 22, 29, 4, 68, 75, 88, 17, 42, 31, 69, 27, 52, 70, 46, 82, 40, 73, 35, 67, 79, 51, 93, 54, 39, 12, 85, 96, 34, 21, 74, 38, 2, 24, 3, 50, 7, 80, 63, 86, 25, 14, 26, 15, 55, 89, 92, 43, 64, 1, 47, 99, 13, 6, 90, 30, 28, 81, 95, 36, 18, 59, 41, 60, 71, 19, 87, 58, 33, 56, 5, 94, 44, 98, 11, 48, 83, 76, 32, 10, 65, 45, 9, 97, 77, 72, 61, 23, 37, 8, 62, 84, 57, 16, 78, 53, 0]]",726,3.330979824066162
